product_id,product_name,category,sub_category,cost,price
1,Product_1,Home,Kitchen,244.11,588.96
2,Product_2,Sports,Fitness,91.88,138.91
3,Product_3,Fashion,Women,111.04,168.73
4,Product_4,Fashion,Kids,294.49,712.85
5,Product_5,Sports,Outdoor,63.8,136.93
6,Product_6,Electronics,Phones,207.09,472.3
7,Product_7,Home,Decor,89.69,202.89
8,Product_8,Electronics,Laptops,12.24,30.51
9,Product_9,Fashion,Kids,181.5,409.96
10,Product_10,Home,Kitchen,9.71,16.27
11,Product_11,Fashion,Women,151.17,339.6
12,Product_12,Electronics,Accessories,72.5,175.51
13,Product_13,Home,Decor,98.27,146.72
14,Product_14,Sports,Fitness,77.24,97.19
15,Product_15,Fashion,Kids,81.23,114.01
16,Product_16,Home,Furniture,79.95,178.41
17,Product_17,Home,Decor,221.58,488.25
18,Product_18,Sports,Clothing,270.92,455.64
19,Product_19,Fashion,Women,161.69,397.01
20,Product_20,Sports,Clothing,184.96,404.71
21,Product_21,Home,Furniture,28.55,40.88
22,Product_22,Home,Decor,41.94,87.43
23,Product_23,Sports,Clothing,145.36,349.04
24,Product_24,Sports,Clothing,172.09,263.35
25,Product_25,Electronics,Accessories,12.34,15.32
26,Product_26,Fashion,Men,269.4,411.67
27,Product_27,Fashion,Kids,239.73,509.28
28,Product_28,Sports,Outdoor,106.15,181.59
29,Product_29,Electronics,Laptops,147.44,224.06
30,Product_30,Electronics,Phones,24.82,57.87
31,Product_31,Electronics,Accessories,108.02,277.0
32,Product_32,Electronics,Unknown,186.79,232.34
33,Product_33,Sports,Fitness,72.75,89.6
34,Product_34,Home,Kitchen,32.61,57.51
35,Product_35,Electronics,Laptops,273.43,538.2
36,Product_36,Electronics,Laptops,9.55,14.09
37,Product_37,Sports,Clothing,270.19,498.86
38,Product_38,Home,Furniture,123.84,262.03
39,Product_39,Sports,Outdoor,190.21,398.0
40,Product_40,Electronics,Laptops,196.96,261.9
41,Product_41,Home,Kitchen,10.58,18.45
42,Product_42,Electronics,Accessories,151.99,206.31
43,Product_43,Home,Kitchen,251.15,472.32
44,Product_44,Sports,Clothing,234.6,452.47
45,Product_45,Sports,Outdoor,191.78,247.05
46,Product_46,Fashion,Men,227.54,294.71
47,Product_47,Home,Kitchen,35.45,87.82
48,Product_48,Sports,Outdoor,210.12,350.25
49,Product_49,Fashion,Women,52.54,92.05
50,Product_50,Sports,Unknown,79.29,148.66
51,Product_51,Sports,Clothing,261.55,316.51
52,Product_52,Fashion,Women,116.34,162.62
53,Product_53,Fashion,Women,184.43,343.79
54,Product_54,Home,Decor,185.93,234.83
55,Product_55,Electronics,Phones,110.16,220.09
56,Product_56,Electronics,Laptops,51.81,97.21
57,Product_57,Sports,Outdoor,264.69,351.73
58,Product_58,Sports,Outdoor,261.39,414.83
59,Product_59,Home,Furniture,30.48,44.97
60,Product_60,Sports,Outdoor,149.69,306.16
61,Product_61,Electronics,Phones,98.46,375.0
62,Product_62,Fashion,Women,210.71,458.15
63,Product_63,Sports,Unknown,141.36,225.89
64,Product_64,Electronics,Accessories,22.22,834.0
65,Product_65,Sports,Outdoor,226.26,456.88
66,Product_66,Electronics,Phones,14.52,24.59
67,Product_67,Sports,Fitness,157.0,243.78
68,Product_68,Electronics,Laptops,189.92,322.59
69,Product_69,Home,Kitchen,118.5,188.27
70,Product_70,Electronics,Laptops,69.63,165.32
71,Product_71,Electronics,Accessories,295.45,442.34
72,Product_72,Home,Furniture,63.81,79.44
73,Product_73,Fashion,Men,291.11,439.33
74,Product_74,Electronics,Accessories,189.48,328.77
75,Product_75,Home,Furniture,71.8,493.0
76,Product_76,Electronics,Unknown,92.52,136.79
77,Product_77,Fashion,Kids,33.57,80.88
78,Product_78,Electronics,Accessories,101.98,183.14
79,Product_79,Fashion,Women,135.97,204.15
80,Product_80,Electronics,Accessories,58.65,116.66
81,Product_81,Sports,Clothing,198.75,296.76
82,Product_82,Sports,Fitness,35.74,77.88
83,Product_83,Electronics,Laptops,147.04,218.21
84,Product_84,Electronics,Phones,95.48,123.85
85,Product_85,Electronics,Phones,224.92,317.16
86,Product_86,Fashion,Kids,243.02,443.43
87,Product_87,Electronics,Laptops,141.97,312.59
90,Product_90,Home,Furniture,77.85,139.18
91,Product_91,Sports,Outdoor,234.87,325.42
92,Product_92,Fashion,Women,199.37,398.74
93,Product_93,Electronics,Laptops,55.09,72.64
94,Product_94,Electronics,Phones,41.04,63.15
95,Product_95,Home,Kitchen,16.81,36.87
96,Product_96,Fashion,Women,132.45,331.11
97,Product_97,Sports,Clothing,236.19,377.58
98,Product_98,Fashion,Unknown,72.79,150.5
99,Product_99,Fashion,Women,289.36,592.42
100,Product_100,Home,Kitchen,107.44,266.97
101,Product_101,Home,Kitchen,296.79,626.31
102,Product_102,Sports,Clothing,42.2,81.43
103,Product_103,Home,Kitchen,145.27,184.35
104,Product_104,Sports,Outdoor,277.09,569.79
105,Product_105,Electronics,Laptops,69.8,106.07
106,Product_106,Fashion,Kids,210.7,491.93
107,Product_107,Sports,Clothing,215.85,515.92
108,Product_108,Fashion,Kids,100.29,133.95
109,Product_109,Electronics,Accessories,174.27,355.59
110,Product_110,Home,Kitchen,78.55,111.78
111,Product_111,Sports,Fitness,293.33,561.47
112,Product_112,Sports,Fitness,232.62,321.23
113,Product_113,Home,Furniture,62.2,93.56
114,Product_114,Sports,Clothing,101.78,177.0
115,Product_115,Sports,Fitness,58.09,122.39
116,Product_116,Fashion,Men,85.66,156.65
117,Product_117,Home,Kitchen,196.72,290.17
118,Product_118,Sports,Clothing,72.69,94.52
119,Product_119,Electronics,Accessories,33.1,69.63
120,Product_120,Home,Unknown,258.47,431.78
121,Product_121,Electronics,Laptops,69.55,140.58
122,Product_122,Sports,Fitness,90.87,199.84
123,Product_123,Fashion,Men,12.29,20.29
124,Product_124,Electronics,Laptops,99.81,149.1
125,Product_125,Home,Furniture,43.91,70.09
126,Product_126,Sports,Clothing,141.08,185.16
127,Product_127,Electronics,Phones,37.38,64.19
128,Product_128,Home,Furniture,91.21,112.08
129,Product_129,Sports,Outdoor,299.85,386.69
130,Product_130,Sports,Clothing,269.98,417.36
131,Product_131,Electronics,Laptops,128.95,212.98
132,Product_132,Home,Kitchen,140.98,195.95
133,Product_133,Fashion,Kids,18.97,45.16
134,Product_134,Sports,Outdoor,44.55,60.01
135,Product_135,Home,Decor,127.59,251.58
136,Product_136,Electronics,Accessories,279.48,421.92
137,Product_137,Fashion,Men,17.81,27.39
138,Product_138,Sports,Fitness,217.69,447.07
139,Product_139,Home,Kitchen,194.98,323.26
140,Product_140,Fashion,Kids,267.07,479.14
141,Product_141,Fashion,Kids,298.62,505.24
142,Product_142,Home,Furniture,166.87,244.75
143,Product_143,Electronics,Accessories,55.03,71.25
144,Product_144,Home,Kitchen,97.81,139.85
145,Product_145,Sports,Clothing,234.66,356.59
146,Product_146,Home,Kitchen,49.82,122.29
147,Product_147,Home,Kitchen,10.95,13.68
148,Product_148,Sports,Outdoor,174.1,236.02
149,Product_149,Home,Unknown,263.17,647.45
150,Product_150,Home,Furniture,51.92,115.12
151,Product_151,Fashion,Women,111.24,230.62
152,Product_152,Electronics,Accessories,11.1,26.5
153,Product_153,Home,Furniture,196.99,390.52
154,Product_154,Fashion,Men,273.23,493.7
155,Product_155,Fashion,Women,187.97,285.01
156,Product_156,Fashion,Men,272.5,368.4
157,Product_157,Home,Kitchen,166.49,378.16
158,Product_158,Sports,Outdoor,281.96,586.84
159,Product_159,Home,Decor,46.24,91.8
160,Product_160,Home,Kitchen,150.79,344.16
161,Product_161,Electronics,Unknown,21.27,27.06
162,Product_162,Fashion,Men,278.46,653.03
163,Product_163,Electronics,Phones,162.51,201.2
164,Product_164,Electronics,Accessories,29.16,64.99
165,Product_165,Fashion,Kids,274.09,490.42
166,Product_166,Sports,Fitness,54.17,70.42
167,Product_167,Electronics,Accessories,281.41,550.59
168,Product_168,Fashion,Women,194.4,457.21
169,Product_169,Sports,Unknown,169.64,371.77
170,Product_170,Electronics,Laptops,127.83,170.25
171,Product_171,Sports,Clothing,57.02,115.96
172,Product_172,Electronics,Laptops,173.38,259.98
173,Product_173,Electronics,Laptops,90.65,465.0
174,Product_174,Sports,Outdoor,211.72,262.55
175,Product_175,Electronics,Accessories,230.33,353.08
176,Product_176,Electronics,Unknown,283.21,347.47
177,Product_177,Electronics,Phones,254.53,346.03
178,Product_178,Fashion,Women,15.17,30.69
179,Product_179,Home,Furniture,67.91,147.12
180,Product_180,Electronics,Phones,154.42,221.83
181,Product_181,Electronics,Laptops,28.43,40.07
182,Product_182,Sports,Outdoor,126.88,231.48
183,Product_183,Home,Decor,209.31,394.53
184,Product_184,Electronics,Laptops,247.55,588.92
185,Product_185,Sports,Outdoor,106.2,131.76
186,Product_186,Home,Furniture,286.94,516.0
187,Product_187,Sports,Fitness,203.57,294.03
188,Product_188,Home,Furniture,154.63,359.72
189,Product_189,Home,Decor,282.37,353.8
190,Product_190,Electronics,Laptops,159.92,296.62
191,Product_191,Home,Kitchen,292.59,586.72
192,Product_192,Electronics,Phones,111.38,276.03
193,Product_193,Fashion,Kids,163.34,361.07
194,Product_194,Electronics,Accessories,276.91,515.95
195,Product_195,Fashion,Women,203.33,400.44
196,Product_196,Sports,Clothing,19.25,29.24
197,Product_197,Home,Furniture,141.33,236.05
198,Product_198,Home,Unknown,284.95,613.16
199,Product_199,Sports,Clothing,78.89,140.06
200,Product_200,Electronics,Unknown,132.66,244.76
201,Product_201,Sports,Fitness,106.9,218.63
202,Product_202,Sports,Fitness,146.98,266.91
203,Product_203,Sports,Outdoor,137.13,211.84
204,Product_204,Home,Kitchen,79.78,858.0
205,Product_205,Home,Unknown,139.7,311.02
206,Product_206,Home,Furniture,238.28,585.38
207,Product_207,Sports,Outdoor,89.11,156.17
208,Product_208,Electronics,Phones,298.39,653.45
209,Product_209,Electronics,Unknown,257.45,523.19
210,Product_210,Fashion,Kids,233.44,449.35
211,Product_211,Electronics,Accessories,68.83,142.65
212,Product_212,Fashion,Women,232.46,386.93
213,Product_213,Home,Kitchen,98.71,197.37
214,Product_214,Home,Decor,28.24,45.93
215,Product_215,Electronics,Phones,15.97,24.43
216,Product_216,Sports,Outdoor,131.88,184.9
217,Product_217,Sports,Fitness,133.08,193.48
218,Product_218,Fashion,Men,25.32,62.36
219,Product_219,Electronics,Laptops,173.31,829.0
220,Product_220,Sports,Clothing,17.93,38.76
221,Product_221,Electronics,Phones,184.24,402.79
222,Product_222,Home,Decor,212.06,298.34
223,Product_223,Fashion,Kids,218.22,339.0
224,Product_224,Fashion,Men,285.04,599.85
225,Product_225,Fashion,Women,28.04,53.82
226,Product_226,Home,Furniture,184.09,258.8
227,Product_227,Electronics,Laptops,151.17,560.0
228,Product_228,Electronics,Phones,252.26,399.83
229,Product_229,Home,Decor,183.3,415.41
230,Product_230,Fashion,Women,234.96,324.72
231,Product_231,Fashion,Men,208.67,311.0
232,Product_232,Fashion,Women,24.17,43.19
233,Product_233,Electronics,Accessories,281.19,555.94
234,Product_234,Fashion,Men,22.93,29.33
235,Product_235,Sports,Outdoor,128.31,252.57
236,Product_236,Fashion,Men,13.76,30.91
237,Product_237,Fashion,Kids,220.35,362.78
238,Product_238,Home,Furniture,215.12,292.52
239,Product_239,Sports,Clothing,91.37,154.88
240,Product_240,Home,Furniture,46.08,98.17
241,Product_241,Sports,Clothing,9.06,14.26
242,Product_242,Sports,Outdoor,170.57,273.09
243,Product_243,Fashion,Men,284.46,440.58
244,Product_244,Electronics,Accessories,133.05,260.65
245,Product_245,Home,Kitchen,259.54,591.22
246,Product_246,Electronics,Phones,191.69,230.52
247,Product_247,Electronics,Accessories,80.55,146.53
248,Product_248,Sports,Clothing,24.12,36.79
249,Product_249,Home,Furniture,213.26,394.85
250,Product_250,Sports,Fitness,231.01,534.08
251,Product_251,Electronics,Phones,255.23,457.56
252,Product_252,Fashion,Women,256.05,498.61
253,Product_253,Fashion,Men,17.76,34.97
254,Product_254,Electronics,Phones,80.32,833.0
255,Product_255,Fashion,Men,241.82,361.36
256,Product_256,Home,Decor,272.97,529.14
257,Product_257,Sports,Outdoor,43.68,70.16
258,Product_258,Sports,Outdoor,28.94,61.47
259,Product_259,Home,Furniture,230.46,380.42
260,Product_260,Fashion,Kids,269.83,550.77
261,Product_261,Electronics,Accessories,32.53,56.23
262,Product_262,Electronics,Phones,201.25,465.99
263,Product_263,Electronics,Accessories,182.9,239.2
264,Product_264,Electronics,Accessories,201.34,961.0
265,Product_265,Home,Furniture,33.9,43.4
266,Product_266,Sports,Clothing,33.53,48.27
267,Product_267,Fashion,Men,54.1,79.41
268,Product_268,Sports,Outdoor,105.7,243.45
269,Product_269,Sports,Outdoor,230.45,277.11
270,Product_270,Home,Furniture,156.26,348.04
271,Product_271,Fashion,Men,153.39,255.83
272,Product_272,Sports,Outdoor,257.74,643.77
273,Product_273,Electronics,Laptops,184.14,350.23
274,Product_274,Home,Decor,160.05,244.75
275,Product_275,Electronics,Laptops,241.71,539.18
276,Product_276,Electronics,Laptops,186.87,355.0
277,Product_277,Electronics,Phones,240.0,631.0
278,Product_278,Sports,Clothing,42.07,61.25
279,Product_279,Fashion,Kids,255.19,418.8
280,Product_280,Sports,Clothing,274.95,582.69
281,Product_281,Electronics,Accessories,259.05,535.5
282,Product_282,Fashion,Men,241.6,335.7
283,Product_283,Home,Kitchen,253.12,399.06
284,Product_284,Sports,Fitness,239.78,355.57
285,Product_285,Sports,Fitness,284.93,402.68
286,Product_286,Home,Decor,20.36,36.09
287,Product_287,Electronics,Phones,263.84,353.21
288,Product_288,Fashion,Men,201.22,408.12
289,Product_289,Sports,Fitness,265.06,589.23
290,Product_290,Sports,Fitness,255.15,414.14
291,Product_291,Sports,Clothing,213.14,443.01
292,Product_292,Sports,Outdoor,19.31,23.22
293,Product_293,Home,Decor,51.19,90.79
294,Product_294,Sports,Outdoor,87.64,132.01
295,Product_295,Electronics,Phones,206.31,271.3
296,Product_296,Sports,Fitness,202.74,459.51
297,Product_297,Fashion,Women,28.76,44.51
298,Product_298,Sports,Outdoor,267.43,437.67
299,Product_299,Fashion,Men,203.13,255.1
300,Product_300,Home,Furniture,125.26,287.43
301,Product_301,Sports,Clothing,62.93,97.66
302,Product_302,Home,Decor,257.92,552.69
303,Product_303,Sports,Fitness,12.16,23.02
304,Product_304,Sports,Clothing,150.23,328.66
305,Product_305,Electronics,Phones,5.76,11.43
306,Product_306,Sports,Clothing,10.19,19.1
307,Product_307,Home,Kitchen,278.12,539.7
308,Product_308,Sports,Fitness,145.89,358.63
309,Product_309,Home,Furniture,39.51,91.64
310,Product_310,Home,Furniture,258.9,433.83
311,Product_311,Sports,Clothing,236.18,458.35
312,Product_312,Home,Kitchen,215.97,489.36
313,Product_313,Electronics,Phones,144.66,329.43
314,Product_314,Electronics,Laptops,66.49,98.62
315,Product_315,Electronics,Phones,142.8,195.84
316,Product_316,Home,Kitchen,293.01,575.8
317,Product_317,Fashion,Men,105.88,192.5
318,Product_318,Home,Kitchen,183.41,286.63
319,Product_319,Sports,Outdoor,93.84,233.32
320,Product_320,Fashion,Kids,173.12,320.57
321,Product_321,Sports,Outdoor,15.7,33.95
322,Product_322,Electronics,Accessories,33.01,76.97
323,Product_323,Home,Unknown,233.11,423.57
324,Product_324,Sports,Clothing,208.34,372.96
325,Product_325,Fashion,Women,290.72,389.25
326,Product_326,Home,Decor,21.45,51.3
327,Product_327,Sports,Fitness,191.27,411.4
328,Product_328,Sports,Clothing,52.04,67.22
329,Product_329,Electronics,Accessories,126.47,260.36
330,Product_330,Fashion,Unknown,10.1,12.44
331,Product_331,Home,Unknown,272.97,470.73
332,Product_332,Sports,Fitness,244.03,503.87
333,Product_333,Home,Furniture,260.6,387.47
334,Product_334,Home,Decor,214.97,381.61
335,Product_335,Home,Kitchen,106.14,432.0
336,Product_336,Sports,Outdoor,168.8,235.67
337,Product_337,Electronics,Accessories,65.15,121.52
338,Product_338,Sports,Fitness,263.07,521.08
339,Product_339,Home,Decor,177.93,360.69
340,Product_340,Fashion,Women,224.1,516.98
341,Product_341,Home,Kitchen,84.09,202.08
342,Product_342,Home,Decor,84.47,166.74
343,Product_343,Home,Kitchen,88.49,155.47
344,Product_344,Sports,Clothing,48.3,62.87
345,Product_345,Home,Decor,189.56,360.14
346,Product_346,Sports,Fitness,113.1,156.63
347,Product_347,Fashion,Men,298.66,669.44
348,Product_348,Electronics,Laptops,6.96,10.95
349,Product_349,Electronics,Accessories,253.48,806.0
350,Product_350,Electronics,Laptops,22.98,35.95
351,Product_351,Sports,Outdoor,42.92,91.05
352,Product_352,Home,Decor,121.58,262.85
353,Product_353,Sports,Outdoor,111.76,169.1
354,Product_354,Home,Unknown,59.07,93.21
355,Product_355,Electronics,Phones,132.2,184.57
356,Product_356,Fashion,Women,66.75,160.02
357,Product_357,Home,Decor,297.1,471.92
358,Product_358,Sports,Outdoor,71.52,134.46
359,Product_359,Fashion,Men,231.33,511.18
360,Product_360,Fashion,Kids,256.93,473.16
361,Product_361,Fashion,Kids,7.52,16.25
362,Product_362,Fashion,Men,264.37,350.56
363,Product_363,Sports,Outdoor,292.17,460.01
364,Product_364,Fashion,Kids,233.25,507.32
365,Product_365,Home,Kitchen,14.84,30.83
366,Product_366,Sports,Unknown,121.48,208.24
367,Product_367,Fashion,Kids,9.81,575.0
368,Product_368,Electronics,Laptops,173.48,331.76
369,Product_369,Home,Decor,85.41,194.48
370,Product_370,Home,Furniture,64.17,95.14
371,Product_371,Electronics,Phones,218.28,404.05
372,Product_372,Home,Decor,150.17,244.39
373,Product_373,Sports,Fitness,286.09,524.32
374,Product_374,Sports,Clothing,238.53,577.41
375,Product_375,Electronics,Accessories,167.65,330.92
376,Product_376,Sports,Outdoor,236.58,306.97
377,Product_377,Fashion,Kids,90.13,109.73
378,Product_378,Sports,Clothing,134.11,248.5
379,Product_379,Fashion,Unknown,296.92,696.01
380,Product_380,Fashion,Men,226.4,403.77
381,Product_381,Electronics,Phones,279.18,344.1
382,Product_382,Electronics,Phones,266.53,471.94
383,Product_383,Electronics,Accessories,124.22,293.09
384,Product_384,Sports,Clothing,124.07,738.0
386,Product_386,Fashion,Women,76.82,145.65
387,Product_387,Home,Furniture,196.4,256.83
388,Product_388,Sports,Fitness,239.6,317.81
389,Product_389,Electronics,Laptops,48.92,116.03
390,Product_390,Electronics,Phones,26.62,56.67
391,Product_391,Sports,Fitness,201.84,274.95
392,Product_392,Sports,Outdoor,126.16,977.0
393,Product_393,Sports,Outdoor,157.52,327.95
394,Product_394,Home,Decor,171.59,297.84
395,Product_395,Home,Kitchen,223.19,489.04
396,Product_396,Sports,Clothing,198.09,244.68
398,Product_398,Electronics,Accessories,100.1,217.18
399,Product_399,Sports,Fitness,163.66,211.19
400,Product_400,Home,Decor,284.93,696.72
401,Product_401,Electronics,Laptops,22.03,41.41
402,Product_402,Electronics,Phones,264.49,330.81
403,Product_403,Electronics,Laptops,158.1,249.67
404,Product_404,Electronics,Laptops,216.25,344.85
405,Product_405,Fashion,Kids,27.72,61.4
406,Product_406,Electronics,Accessories,41.51,100.68
407,Product_407,Sports,Fitness,245.83,426.03
408,Product_408,Electronics,Phones,108.68,269.18
409,Product_409,Electronics,Unknown,241.81,359.47
410,Product_410,Home,Furniture,14.39,33.52
411,Product_411,Electronics,Unknown,181.74,432.65
412,Product_412,Home,Decor,6.09,7.35
413,Product_413,Electronics,Laptops,126.82,219.67
414,Product_414,Fashion,Men,137.1,332.99
415,Product_415,Fashion,Kids,124.79,210.23
416,Product_416,Sports,Unknown,129.48,230.35
417,Product_417,Electronics,Accessories,287.29,395.75
418,Product_418,Electronics,Phones,229.67,361.29
419,Product_419,Sports,Fitness,52.37,98.55
420,Product_420,Home,Furniture,114.33,253.49
421,Product_421,Home,Furniture,259.42,464.18
422,Product_422,Sports,Outdoor,224.14,458.06
423,Product_423,Home,Kitchen,50.97,111.7
424,Product_424,Fashion,Kids,293.73,488.21
425,Product_425,Fashion,Kids,221.64,868.0
426,Product_426,Home,Kitchen,114.17,249.1
427,Product_427,Home,Decor,83.16,107.57
428,Product_428,Fashion,Women,194.06,240.59
429,Product_429,Sports,Outdoor,18.0,29.43
430,Product_430,Electronics,Accessories,128.99,277.58
431,Product_431,Home,Kitchen,93.92,141.47
432,Product_432,Fashion,Women,274.22,643.91
433,Product_433,Fashion,Women,134.47,240.27
434,Product_434,Sports,Fitness,287.86,522.77
435,Product_435,Home,Decor,267.55,427.49
436,Product_436,Home,Furniture,42.08,76.94
437,Product_437,Fashion,Men,156.97,198.42
438,Product_438,Electronics,Phones,104.75,222.78
439,Product_439,Electronics,Accessories,27.68,36.61
440,Product_440,Sports,Clothing,288.86,482.5
441,Product_441,Electronics,Accessories,215.01,422.0
442,Product_442,Fashion,Women,83.89,108.86
443,Product_443,Home,Furniture,142.03,301.3
444,Product_444,Electronics,Phones,157.23,380.71
445,Product_445,Sports,Outdoor,92.9,148.5
446,Product_446,Home,Furniture,127.11,203.74
447,Product_447,Electronics,Laptops,126.85,285.84
448,Product_448,Home,Decor,281.07,508.77
449,Product_449,Home,Furniture,295.16,735.2
450,Product_450,Electronics,Accessories,165.54,357.21
451,Product_451,Home,Decor,42.65,69.12
452,Product_452,Home,Decor,113.62,268.23
453,Product_453,Electronics,Phones,107.53,185.57
454,Product_454,Electronics,Accessories,127.17,160.53
455,Product_455,Sports,Outdoor,50.69,116.56
456,Product_456,Fashion,Unknown,71.06,157.1
457,Product_457,Fashion,Men,16.43,25.28
458,Product_458,Sports,Outdoor,106.66,188.1
459,Product_459,Sports,Outdoor,49.33,83.52
460,Product_460,Electronics,Unknown,150.71,294.89
461,Product_461,Electronics,Laptops,133.96,251.78
462,Product_462,Sports,Clothing,117.55,216.5
463,Product_463,Home,Kitchen,238.3,343.52
464,Product_464,Fashion,Men,206.98,488.43
465,Product_465,Electronics,Accessories,230.17,300.58
466,Product_466,Electronics,Laptops,193.66,463.85
467,Product_467,Home,Kitchen,271.39,412.13
468,Product_468,Fashion,Women,216.05,500.34
469,Product_469,Sports,Clothing,297.33,545.82
470,Product_470,Sports,Outdoor,107.72,190.99
471,Product_471,Electronics,Accessories,61.51,104.77
472,Product_472,Fashion,Women,33.15,73.79
473,Product_473,Sports,Outdoor,10.54,22.18
474,Product_474,Fashion,Kids,43.12,55.05
475,Product_475,Sports,Fitness,114.35,155.71
476,Product_476,Sports,Outdoor,262.84,324.96
477,Product_477,Fashion,Unknown,284.23,656.82
478,Product_478,Home,Furniture,179.95,304.49
479,Product_479,Sports,Outdoor,166.42,247.33
480,Product_480,Sports,Outdoor,246.88,546.18
481,Product_481,Fashion,Men,290.08,653.57
482,Product_482,Sports,Clothing,136.34,185.07
483,Product_483,Fashion,Men,59.95,111.79
484,Product_484,Sports,Fitness,184.31,609.0
485,Product_485,Home,Kitchen,99.36,169.74
486,Product_486,Sports,Fitness,121.9,184.18
487,Product_487,Sports,Fitness,196.98,391.82
488,Product_488,Fashion,Men,144.19,184.38
489,Product_489,Sports,Clothing,286.5,369.23
490,Product_490,Home,Decor,30.84,68.88
491,Product_491,Home,Furniture,253.36,462.72
492,Product_492,Electronics,Accessories,137.93,244.98
493,Product_493,Fashion,Kids,81.99,120.26
494,Product_494,Fashion,Women,178.92,231.9
495,Product_495,Fashion,Kids,60.82,92.54
496,Product_496,Fashion,Kids,213.52,420.86
498,Product_498,Sports,Fitness,297.7,464.05
499,Product_499,Sports,Outdoor,270.88,518.37
500,Product_500,Fashion,Kids,110.56,229.02
501,Product_501,Electronics,Laptops,181.55,363.5
502,Product_502,Electronics,Laptops,14.04,23.56
503,Product_503,Electronics,Laptops,210.15,470.35
504,Product_504,Electronics,Accessories,80.49,114.31
505,Product_505,Electronics,Phones,107.7,191.89
506,Product_506,Sports,Clothing,98.92,138.97
507,Product_507,Home,Kitchen,167.55,248.0
508,Product_508,Electronics,Phones,58.84,106.46
509,Product_509,Fashion,Kids,66.37,120.6
510,Product_510,Fashion,Kids,89.9,174.46
511,Product_511,Electronics,Accessories,44.3,105.31
512,Product_512,Sports,Outdoor,42.6,76.7
513,Product_513,Electronics,Phones,79.41,102.88
514,Product_514,Electronics,Accessories,24.06,32.35
515,Product_515,Electronics,Laptops,12.71,26.06
516,Product_516,Electronics,Phones,221.37,369.3
517,Product_517,Electronics,Laptops,51.66,116.47
518,Product_518,Electronics,Laptops,26.08,58.53
519,Product_519,Home,Decor,273.59,632.24
520,Product_520,Home,Kitchen,289.32,623.0
521,Product_521,Sports,Outdoor,28.52,69.46
522,Product_522,Electronics,Phones,204.77,396.76
523,Product_523,Sports,Clothing,95.04,141.98
524,Product_524,Home,Kitchen,209.52,506.14
526,Product_526,Home,Kitchen,136.07,175.6
527,Product_527,Fashion,Kids,27.91,42.63
528,Product_528,Electronics,Accessories,80.28,116.37
529,Product_529,Sports,Outdoor,61.46,88.43
530,Product_530,Electronics,Accessories,130.38,263.55
531,Product_531,Electronics,Accessories,102.13,149.12
532,Product_532,Sports,Fitness,271.36,674.11
533,Product_533,Fashion,Men,205.7,252.69
534,Product_534,Sports,Clothing,144.4,360.6
535,Product_535,Electronics,Phones,114.81,213.46
536,Product_536,Sports,Outdoor,12.26,25.17
537,Product_537,Sports,Fitness,271.12,639.94
538,Product_538,Fashion,Women,248.05,339.05
539,Product_539,Sports,Fitness,225.11,542.95
540,Product_540,Sports,Outdoor,225.48,307.27
541,Product_541,Fashion,Men,92.34,161.59
542,Product_542,Fashion,Women,64.72,80.99
543,Product_543,Fashion,Women,65.97,125.42
544,Product_544,Sports,Outdoor,190.68,292.25
545,Product_545,Sports,Clothing,124.04,261.3
546,Product_546,Sports,Outdoor,36.42,61.9
547,Product_547,Sports,Fitness,62.78,122.07
548,Product_548,Electronics,Laptops,12.23,18.0
549,Product_549,Sports,Clothing,226.61,380.68
550,Product_550,Fashion,Men,58.13,114.63
551,Product_551,Home,Furniture,162.98,306.94
552,Product_552,Sports,Fitness,276.38,592.92
553,Product_553,Sports,Outdoor,166.36,244.16
554,Product_554,Sports,Clothing,85.48,190.14
555,Product_555,Fashion,Women,151.76,246.78
556,Product_556,Electronics,Accessories,173.03,259.69
557,Product_557,Home,Decor,282.65,626.0
558,Product_558,Sports,Fitness,89.22,186.26
559,Product_559,Home,Kitchen,118.74,227.39
560,Product_560,Home,Decor,181.67,325.41
561,Product_561,Sports,Fitness,105.47,132.72
562,Product_562,Home,Furniture,137.9,959.0
563,Product_563,Sports,Outdoor,299.82,514.09
564,Product_564,Electronics,Laptops,10.73,25.6
565,Product_565,Fashion,Women,116.78,222.37
566,Product_566,Electronics,Laptops,293.28,629.47
567,Product_567,Fashion,Men,82.94,195.4
568,Product_568,Electronics,Accessories,204.08,285.54
569,Product_569,Sports,Clothing,29.94,41.46
570,Product_570,Sports,Unknown,223.25,288.3
571,Product_571,Home,Unknown,35.42,66.29
572,Product_572,Sports,Clothing,31.33,70.22
573,Product_573,Home,Unknown,186.14,430.44
574,Product_574,Sports,Clothing,178.69,419.07
575,Product_575,Fashion,Women,78.76,191.76
576,Product_576,Home,Decor,40.16,95.63
577,Product_577,Electronics,Phones,171.37,425.09
578,Product_578,Electronics,Laptops,288.21,583.36
579,Product_579,Sports,Clothing,21.23,30.95
580,Product_580,Sports,Clothing,154.11,264.58
581,Product_581,Electronics,Laptops,41.1,70.62
582,Product_582,Home,Kitchen,25.68,53.32
583,Product_583,Sports,Clothing,139.2,338.82
584,Product_584,Sports,Clothing,164.76,219.67
585,Product_585,Home,Decor,37.31,85.23
586,Product_586,Fashion,Men,276.51,505.9
587,Product_587,Home,Decor,184.3,340.06
588,Product_588,Electronics,Laptops,20.37,36.59
589,Product_589,Sports,Fitness,93.19,127.95
590,Product_590,Electronics,Laptops,219.52,545.21
591,Product_591,Fashion,Men,101.64,182.27
592,Product_592,Electronics,Accessories,296.98,685.22
593,Product_593,Electronics,Phones,204.34,412.45
594,Product_594,Home,Kitchen,233.11,427.18
595,Product_595,Home,Kitchen,268.3,389.9
596,Product_596,Fashion,Men,71.97,152.0
597,Product_597,Electronics,Accessories,194.8,377.56
598,Product_598,Home,Unknown,62.52,155.34
599,Product_599,Home,Kitchen,92.25,242.0
600,Product_600,Home,Kitchen,286.7,669.43
601,Product_601,Fashion,Men,100.12,160.47
602,Product_602,Sports,Clothing,266.74,651.0
603,Product_603,Sports,Outdoor,279.15,536.31
604,Product_604,Electronics,Accessories,232.1,467.9
605,Product_605,Electronics,Accessories,20.06,28.21
606,Product_606,Home,Furniture,297.06,402.97
607,Product_607,Home,Decor,118.93,148.31
608,Product_608,Home,Furniture,44.93,58.14
609,Product_609,Home,Decor,98.08,125.59
610,Product_610,Electronics,Unknown,272.03,648.29
611,Product_611,Sports,Outdoor,168.24,253.33
612,Product_612,Home,Decor,46.57,61.41
613,Product_613,Sports,Unknown,80.66,198.19
615,Product_615,Home,Kitchen,29.99,57.01
616,Product_616,Electronics,Phones,121.96,165.19
617,Product_617,Home,Kitchen,21.5,52.08
618,Product_618,Home,Kitchen,146.65,221.11
619,Product_619,Electronics,Phones,174.14,289.34
620,Product_620,Home,Kitchen,75.49,164.74
621,Product_621,Fashion,Women,269.64,649.86
622,Product_622,Fashion,Kids,224.76,361.63
623,Product_623,Sports,Fitness,173.63,271.06
624,Product_624,Sports,Clothing,234.43,330.95
625,Product_625,Home,Decor,54.61,70.39
626,Product_626,Fashion,Kids,297.02,474.0
627,Product_627,Fashion,Kids,288.3,713.39
628,Product_628,Fashion,Men,89.66,190.18
629,Product_629,Home,Furniture,169.52,293.6
630,Product_630,Fashion,Women,142.06,289.24
631,Product_631,Electronics,Laptops,95.6,143.88
632,Product_632,Electronics,Phones,212.47,480.45
633,Product_633,Electronics,Accessories,119.33,284.58
634,Product_634,Electronics,Accessories,90.84,165.13
635,Product_635,Home,Kitchen,193.15,473.83
636,Product_636,Home,Furniture,130.68,177.52
637,Product_637,Sports,Clothing,169.29,231.96
638,Product_638,Sports,Clothing,91.59,176.04
639,Product_639,Sports,Clothing,225.91,421.67
640,Product_640,Electronics,Accessories,126.43,255.27
641,Product_641,Fashion,Women,236.19,526.17
642,Product_642,Fashion,Men,216.62,388.48
643,Product_643,Electronics,Accessories,98.74,147.61
644,Product_644,Fashion,Kids,55.51,70.73
645,Product_645,Sports,Outdoor,141.19,178.22
646,Product_646,Home,Decor,78.88,108.46
647,Product_647,Sports,Clothing,178.22,303.6
648,Product_648,Home,Unknown,128.07,167.35
649,Product_649,Electronics,Laptops,118.25,150.51
650,Product_650,Sports,Clothing,270.93,374.36
651,Product_651,Fashion,Men,122.86,168.85
652,Product_652,Home,Kitchen,160.73,352.38
653,Product_653,Sports,Fitness,98.37,142.12
654,Product_654,Sports,Clothing,66.23,102.04
655,Product_655,Electronics,Laptops,265.76,657.85
656,Product_656,Sports,Outdoor,140.57,260.59
657,Product_657,Fashion,Women,54.76,93.12
658,Product_658,Sports,Outdoor,22.19,53.11
659,Product_659,Electronics,Laptops,88.08,156.74
660,Product_660,Sports,Fitness,246.0,319.92
661,Product_661,Fashion,Kids,275.97,561.76
662,Product_662,Sports,Fitness,171.56,229.86
663,Product_663,Sports,Fitness,49.17,60.5
664,Product_664,Fashion,Men,129.71,169.43
665,Product_665,Home,Kitchen,259.23,622.42
666,Product_666,Home,Furniture,63.74,100.82
667,Product_667,Sports,Fitness,137.81,165.37
668,Product_668,Electronics,Laptops,178.95,413.09
669,Product_669,Sports,Clothing,120.43,236.97
670,Product_670,Home,Kitchen,97.01,184.49
671,Product_671,Sports,Unknown,229.46,402.69
672,Product_672,Electronics,Phones,77.64,140.67
673,Product_673,Fashion,Women,84.48,184.97
674,Product_674,Home,Furniture,89.11,147.08
675,Product_675,Sports,Outdoor,14.75,34.7
676,Product_676,Sports,Clothing,178.58,341.51
677,Product_677,Home,Kitchen,184.99,430.59
678,Product_678,Fashion,Women,130.5,300.95
679,Product_679,Electronics,Accessories,9.64,20.75
680,Product_680,Electronics,Laptops,191.34,472.96
681,Product_681,Electronics,Phones,164.24,222.56
682,Product_682,Sports,Outdoor,59.69,99.62
683,Product_683,Electronics,Laptops,9.73,22.01
684,Product_684,Home,Furniture,274.39,385.01
685,Product_685,Sports,Clothing,183.86,411.86
686,Product_686,Electronics,Phones,64.86,124.28
687,Product_687,Home,Furniture,83.83,190.7
688,Product_688,Sports,Clothing,239.96,468.0
689,Product_689,Electronics,Phones,158.91,192.5
690,Product_690,Fashion,Men,235.65,488.79
691,Product_691,Electronics,Accessories,192.44,249.04
692,Product_692,Home,Kitchen,98.9,119.26
693,Product_693,Sports,Outdoor,243.68,387.07
694,Product_694,Home,Kitchen,179.74,257.81
695,Product_695,Fashion,Men,161.16,218.38
696,Product_696,Fashion,Men,197.1,480.75
697,Product_697,Home,Decor,293.44,356.27
698,Product_698,Fashion,Men,40.91,78.23
699,Product_699,Home,Kitchen,163.17,356.05
700,Product_700,Fashion,Kids,226.78,443.92
701,Product_701,Sports,Clothing,273.27,511.15
702,Product_702,Home,Decor,188.57,320.07
703,Product_703,Fashion,Women,217.14,428.32
704,Product_704,Home,Decor,13.48,21.51
705,Product_705,Fashion,Kids,91.82,184.9
706,Product_706,Fashion,Women,223.62,475.61
707,Product_707,Fashion,Women,190.59,432.47
708,Product_708,Sports,Clothing,279.04,557.48
709,Product_709,Home,Furniture,277.83,416.0
710,Product_710,Home,Kitchen,122.65,271.79
711,Product_711,Home,Furniture,159.99,241.76
712,Product_712,Sports,Clothing,222.12,472.19
713,Product_713,Electronics,Laptops,297.65,739.84
714,Product_714,Sports,Fitness,108.87,270.8
715,Product_715,Electronics,Accessories,291.67,372.11
716,Product_716,Electronics,Unknown,18.1,28.14
717,Product_717,Fashion,Men,80.68,194.23
718,Product_718,Fashion,Men,239.01,327.51
719,Product_719,Sports,Fitness,267.98,546.66
720,Product_720,Electronics,Phones,108.61,181.73
721,Product_721,Fashion,Men,29.75,42.61
722,Product_722,Home,Kitchen,238.01,471.4
723,Product_723,Sports,Fitness,35.25,55.62
724,Product_724,Electronics,Phones,98.49,242.69
725,Product_725,Sports,Outdoor,205.88,313.8
726,Product_726,Home,Furniture,244.41,536.89
727,Product_727,Electronics,Unknown,164.13,362.76
728,Product_728,Home,Kitchen,247.88,555.47
729,Product_729,Home,Kitchen,112.8,222.28
730,Product_730,Fashion,Men,173.8,244.27
731,Product_731,Sports,Fitness,21.54,35.43
732,Product_732,Sports,Fitness,256.0,352.64
733,Product_733,Electronics,Accessories,280.15,342.81
734,Product_734,Electronics,Phones,48.48,115.07
735,Product_735,Sports,Fitness,298.04,449.75
736,Product_736,Sports,Clothing,264.15,652.0
737,Product_737,Home,Kitchen,169.74,300.56
738,Product_738,Electronics,Accessories,195.44,324.74
739,Product_739,Fashion,Men,78.12,136.56
740,Product_740,Electronics,Phones,70.03,87.04
741,Product_741,Home,Kitchen,56.27,96.55
742,Product_742,Home,Furniture,159.07,390.06
743,Product_743,Sports,Fitness,106.45,216.19
744,Product_744,Sports,Outdoor,259.37,593.05
745,Product_745,Sports,Clothing,230.68,508.4
746,Product_746,Fashion,Women,204.12,508.65
747,Product_747,Electronics,Accessories,190.58,238.22
748,Product_748,Sports,Unknown,33.05,50.12
749,Product_749,Fashion,Women,42.33,94.54
750,Product_750,Electronics,Phones,254.68,411.93
751,Product_751,Home,Unknown,173.41,289.41
752,Product_752,Electronics,Accessories,127.45,311.48
753,Product_753,Sports,Fitness,111.04,137.59
754,Product_754,Fashion,Kids,162.62,343.51
755,Product_755,Fashion,Men,142.92,172.44
756,Product_756,Fashion,Women,75.45,91.29
757,Product_757,Home,Decor,112.03,195.71
758,Product_758,Home,Decor,253.32,587.03
759,Product_759,Home,Decor,292.65,407.95
760,Product_760,Home,Decor,60.82,119.8
761,Product_761,Sports,Fitness,10.06,14.82
762,Product_762,Electronics,Accessories,118.88,264.67
763,Product_763,Fashion,Kids,167.21,235.88
764,Product_764,Fashion,Women,64.01,157.08
765,Product_765,Fashion,Men,251.85,312.05
766,Product_766,Home,Furniture,173.81,245.51
767,Product_767,Electronics,Phones,146.59,300.51
768,Product_768,Sports,Clothing,135.84,314.26
769,Product_769,Home,Decor,30.15,39.74
770,Product_770,Sports,Outdoor,32.32,43.44
771,Product_771,Home,Kitchen,81.39,137.56
772,Product_772,Electronics,Accessories,113.71,222.02
773,Product_773,Electronics,Accessories,10.16,13.2
774,Product_774,Fashion,Kids,198.5,313.55
775,Product_775,Fashion,Women,222.41,513.72
776,Product_776,Electronics,Laptops,217.0,369.17
777,Product_777,Fashion,Kids,102.76,203.67
778,Product_778,Home,Furniture,80.08,667.0
779,Product_779,Sports,Clothing,43.07,61.72
780,Product_780,Fashion,Women,139.48,296.09
781,Product_781,Home,Kitchen,289.79,478.69
782,Product_782,Fashion,Kids,168.09,209.43
783,Product_783,Home,Decor,267.47,599.43
784,Product_784,Home,Furniture,149.94,298.07
785,Product_785,Sports,Unknown,125.88,164.83
786,Product_786,Electronics,Phones,121.0,253.59
787,Product_787,Electronics,Phones,169.13,301.98
788,Product_788,Sports,Outdoor,154.31,197.2
789,Product_789,Home,Kitchen,184.45,247.11
790,Product_790,Fashion,Men,13.63,19.09
791,Product_791,Home,Kitchen,299.87,483.89
792,Product_792,Electronics,Laptops,18.05,41.27
793,Product_793,Electronics,Accessories,240.36,294.57
794,Product_794,Electronics,Phones,10.26,23.44
795,Product_795,Home,Kitchen,220.33,410.76
796,Product_796,Electronics,Laptops,254.0,594.26
797,Product_797,Electronics,Accessories,115.56,257.43
798,Product_798,Fashion,Kids,134.58,285.39
799,Product_799,Electronics,Laptops,236.76,352.64
800,Product_800,Electronics,Laptops,87.77,208.72
801,Product_801,Electronics,Phones,124.12,162.42
802,Product_802,Electronics,Phones,251.81,335.92
803,Product_803,Sports,Fitness,284.44,684.78
804,Product_804,Home,Decor,259.73,605.55
805,Product_805,Fashion,Men,195.37,372.05
806,Product_806,Sports,Unknown,297.78,598.98
807,Product_807,Home,Decor,172.7,415.78
808,Product_808,Electronics,Accessories,17.67,27.41
809,Product_809,Home,Unknown,285.04,606.3
810,Product_810,Fashion,Men,245.3,548.24
811,Product_811,Sports,Clothing,232.2,521.53
812,Product_812,Electronics,Phones,191.07,753.0
813,Product_813,Sports,Clothing,19.07,43.86
814,Product_814,Fashion,Men,222.29,450.06
815,Product_815,Home,Kitchen,174.72,224.34
816,Product_816,Fashion,Kids,279.62,576.23
817,Product_817,Fashion,Women,285.91,440.13
818,Product_818,Sports,Outdoor,91.48,227.31
819,Product_819,Electronics,Laptops,140.19,203.73
820,Product_820,Electronics,Accessories,22.53,40.86
821,Product_821,Home,Furniture,146.57,225.42
822,Product_822,Fashion,Kids,247.21,460.62
823,Product_823,Sports,Outdoor,200.86,387.41
824,Product_824,Home,Decor,270.4,712.0
825,Product_825,Fashion,Kids,113.25,156.6
826,Product_826,Electronics,Accessories,102.66,211.18
827,Product_827,Home,Kitchen,170.48,406.16
828,Product_828,Electronics,Accessories,137.17,248.73
829,Product_829,Electronics,Accessories,7.73,11.86
830,Product_830,Home,Decor,118.34,264.21
831,Product_831,Fashion,Men,78.57,175.15
832,Product_832,Sports,Outdoor,59.26,114.63
833,Product_833,Home,Decor,86.04,121.2
834,Product_834,Home,Decor,282.39,530.18
835,Product_835,Electronics,Unknown,287.03,345.04
836,Product_836,Sports,Outdoor,32.48,58.77
837,Product_837,Electronics,Laptops,107.73,247.7
838,Product_838,Home,Furniture,59.25,80.12
839,Product_839,Sports,Outdoor,113.99,276.21
840,Product_840,Fashion,Men,41.37,67.18
841,Product_841,Electronics,Phones,234.63,289.82
842,Product_842,Electronics,Phones,224.66,370.13
843,Product_843,Electronics,Laptops,173.11,293.84
844,Product_844,Sports,Clothing,146.91,281.59
845,Product_845,Fashion,Kids,125.95,179.05
846,Product_846,Sports,Outdoor,172.57,360.7
847,Product_847,Sports,Clothing,25.88,37.74
848,Product_848,Fashion,Men,216.01,244.0
849,Product_849,Fashion,Kids,91.63,218.35
850,Product_850,Sports,Clothing,103.82,230.71
851,Product_851,Home,Kitchen,26.07,43.85
852,Product_852,Electronics,Accessories,90.89,181.66
853,Product_853,Home,Decor,201.77,484.76
854,Product_854,Home,Kitchen,191.42,270.28
855,Product_855,Fashion,Men,198.21,426.93
856,Product_856,Home,Decor,15.84,24.18
857,Product_857,Home,Kitchen,264.69,523.56
858,Product_858,Fashion,Men,152.87,240.77
859,Product_859,Home,Kitchen,43.23,53.02
860,Product_860,Home,Kitchen,133.25,265.53
861,Product_861,Sports,Fitness,27.27,34.49
862,Product_862,Fashion,Women,228.15,445.29
863,Product_863,Fashion,Men,146.87,310.33
864,Product_864,Sports,Unknown,261.41,357.81
865,Product_865,Electronics,Unknown,159.35,311.5
866,Product_866,Electronics,Phones,138.77,310.26
867,Product_867,Electronics,Accessories,222.94,290.02
868,Product_868,Sports,Clothing,180.4,407.54
869,Product_869,Home,Kitchen,101.76,212.34
870,Product_870,Home,Kitchen,261.15,291.0
871,Product_871,Fashion,Kids,154.83,346.81
872,Product_872,Electronics,Accessories,37.0,46.41
873,Product_873,Sports,Clothing,244.41,493.0
874,Product_874,Home,Unknown,40.71,65.48
875,Product_875,Electronics,Accessories,227.7,541.28
876,Product_876,Fashion,Men,52.66,124.49
877,Product_877,Electronics,Accessories,73.02,134.48
878,Product_878,Sports,Clothing,260.53,352.27
879,Product_879,Fashion,Kids,105.91,137.14
880,Product_880,Electronics,Accessories,224.29,540.5
881,Product_881,Fashion,Men,30.64,64.8
882,Product_882,Electronics,Laptops,41.53,53.89
883,Product_883,Electronics,Accessories,60.66,133.13
884,Product_884,Fashion,Women,271.98,594.32
885,Product_885,Home,Furniture,69.88,152.09
886,Product_886,Home,Decor,18.7,22.58
887,Product_887,Electronics,Phones,173.33,400.27
888,Product_888,Electronics,Laptops,95.77,225.51
889,Product_889,Fashion,Kids,50.59,121.48
890,Product_890,Sports,Unknown,267.63,581.43
891,Product_891,Home,Kitchen,259.01,588.4
892,Product_892,Electronics,Accessories,46.38,112.04
893,Product_893,Electronics,Laptops,172.9,214.83
894,Product_894,Electronics,Accessories,153.58,323.95
895,Product_895,Electronics,Laptops,282.12,656.79
896,Product_896,Fashion,Kids,294.53,386.87
897,Product_897,Electronics,Accessories,154.16,249.45
898,Product_898,Home,Decor,167.23,264.7
899,Product_899,Home,Unknown,266.83,353.13
900,Product_900,Fashion,Men,209.02,446.08
901,Product_901,Sports,Clothing,63.43,112.19
902,Product_902,Sports,Fitness,71.19,328.0
903,Product_903,Electronics,Phones,42.8,52.25
904,Product_904,Electronics,Accessories,9.21,16.46
905,Product_905,Electronics,Laptops,180.37,440.2
906,Product_906,Sports,Outdoor,287.46,377.24
907,Product_907,Electronics,Phones,28.58,53.71
908,Product_908,Sports,Outdoor,134.2,223.92
909,Product_909,Electronics,Phones,108.34,228.81
910,Product_910,Sports,Fitness,42.49,99.98
911,Product_911,Home,Kitchen,292.97,674.06
912,Product_912,Home,Kitchen,43.8,61.16
913,Product_913,Home,Kitchen,142.19,195.25
914,Product_914,Fashion,Women,71.17,170.86
915,Product_915,Fashion,Kids,236.71,339.54
916,Product_916,Home,Unknown,251.36,610.16
917,Product_917,Sports,Outdoor,90.75,204.15
918,Product_918,Fashion,Kids,124.91,276.95
919,Product_919,Home,Furniture,203.89,316.73
920,Product_920,Electronics,Laptops,192.22,467.86
921,Product_921,Sports,Clothing,252.62,569.89
922,Product_922,Fashion,Women,290.02,386.43
923,Product_923,Fashion,Kids,251.75,325.65
924,Product_924,Sports,Fitness,130.83,282.88
925,Product_925,Home,Furniture,168.43,410.32
926,Product_926,Sports,Unknown,154.55,258.46
927,Product_927,Electronics,Accessories,221.8,303.36
928,Product_928,Sports,Fitness,18.08,39.92
929,Product_929,Home,Furniture,77.87,152.46
930,Product_930,Home,Furniture,277.01,636.86
931,Product_931,Home,Kitchen,142.63,272.57
932,Product_932,Home,Unknown,117.49,233.31
933,Product_933,Electronics,Phones,85.28,188.02
934,Product_934,Electronics,Laptops,105.45,137.07
935,Product_935,Sports,Fitness,129.25,309.31
936,Product_936,Home,Decor,164.06,358.67
937,Product_937,Electronics,Laptops,192.12,250.03
938,Product_938,Sports,Outdoor,219.43,382.17
939,Product_939,Fashion,Men,175.0,664.0
940,Product_940,Fashion,Women,298.21,722.99
941,Product_941,Home,Furniture,49.76,93.06
942,Product_942,Home,Kitchen,157.64,218.98
943,Product_943,Fashion,Women,244.92,564.09
944,Product_944,Electronics,Phones,226.42,391.96
945,Product_945,Fashion,Kids,63.05,153.35
946,Product_946,Electronics,Laptops,226.05,431.74
947,Product_947,Sports,Clothing,93.96,188.22
948,Product_948,Electronics,Laptops,109.11,251.9
949,Product_949,Sports,Clothing,143.2,188.99
950,Product_950,Sports,Fitness,132.55,178.21
951,Product_951,Electronics,Accessories,16.72,24.68
952,Product_952,Home,Furniture,173.35,320.62
953,Product_953,Home,Furniture,234.96,489.45
954,Product_954,Electronics,Laptops,215.75,535.04
955,Product_955,Electronics,Phones,58.83,90.65
956,Product_956,Electronics,Phones,240.12,313.48
957,Product_957,Fashion,Men,75.7,174.41
958,Product_958,Fashion,Kids,95.4,185.65
959,Product_959,Sports,Outdoor,188.39,273.51
960,Product_960,Sports,Outdoor,126.53,299.12
961,Product_961,Electronics,Laptops,240.14,568.11
962,Product_962,Home,Furniture,105.24,141.52
963,Product_963,Electronics,Phones,86.2,201.23
964,Product_964,Fashion,Men,193.01,402.18
965,Product_965,Home,Furniture,263.37,653.58
966,Product_966,Electronics,Unknown,111.66,168.81
967,Product_967,Electronics,Accessories,286.22,663.36
968,Product_968,Fashion,Kids,297.53,634.56
969,Product_969,Electronics,Phones,105.73,158.88
970,Product_970,Sports,Fitness,29.97,43.05
971,Product_971,Electronics,Laptops,253.59,322.56
972,Product_972,Sports,Outdoor,289.25,472.0
973,Product_973,Home,Decor,279.76,547.42
974,Product_974,Electronics,Accessories,45.47,94.89
975,Product_975,Home,Decor,51.49,127.94
976,Product_976,Sports,Outdoor,26.79,58.88
977,Product_977,Sports,Fitness,215.47,362.59
978,Product_978,Home,Decor,194.5,381.62
979,Product_979,Sports,Outdoor,253.3,325.79
980,Product_980,Sports,Fitness,231.57,474.31
981,Product_981,Home,Kitchen,192.52,469.68
982,Product_982,Sports,Outdoor,75.13,165.55
983,Product_983,Home,Furniture,260.77,418.11
984,Product_984,Electronics,Phones,95.75,192.22
985,Product_985,Electronics,Phones,55.21,115.09
986,Product_986,Home,Furniture,246.88,474.86
987,Product_987,Fashion,Women,28.18,52.38
988,Product_988,Fashion,Men,113.32,249.01
989,Product_989,Electronics,Accessories,182.2,423.38
990,Product_990,Fashion,Men,10.11,23.48
991,Product_991,Electronics,Accessories,81.12,187.06
992,Product_992,Fashion,Men,91.49,123.24
993,Product_993,Sports,Clothing,192.84,400.8
994,Product_994,Electronics,Laptops,292.54,631.8
995,Product_995,Home,Furniture,116.55,185.41
996,Product_996,Sports,Outdoor,284.9,382.92
997,Product_997,Electronics,Laptops,223.05,325.82
998,Product_998,Electronics,Accessories,77.45,162.65
999,Product_999,Home,Kitchen,255.82,319.04
1000,Product_1000,Sports,Outdoor,24.63,32.26
1001,Product_1001,Electronics,Laptops,193.56,406.55
1002,Product_1002,Fashion,Kids,11.42,15.76
1003,Product_1003,Sports,Clothing,63.43,101.7
1004,Product_1004,Sports,Outdoor,67.47,144.73
1005,Product_1005,Sports,Fitness,41.31,61.61
1006,Product_1006,Sports,Fitness,293.69,493.82
1007,Product_1007,Fashion,Women,234.34,329.76
1008,Product_1008,Fashion,Women,63.84,109.43
1009,Product_1009,Sports,Fitness,67.83,132.56
1010,Product_1010,Electronics,Laptops,75.36,135.99
1011,Product_1011,Sports,Outdoor,46.78,89.96
1012,Product_1012,Electronics,Phones,237.45,294.16
1013,Product_1013,Home,Kitchen,54.83,112.27
1014,Product_1014,Sports,Outdoor,40.52,98.86
1015,Product_1015,Sports,Fitness,248.47,601.7
1016,Product_1016,Home,Furniture,165.8,355.01
1017,Product_1017,Home,Kitchen,115.0,280.17
1018,Product_1018,Fashion,Kids,120.4,167.85
1019,Product_1019,Fashion,Women,179.26,358.67
1020,Product_1020,Sports,Clothing,22.52,53.75
1021,Product_1021,Home,Decor,81.47,134.4
1022,Product_1022,Electronics,Laptops,280.62,803.0
1023,Product_1023,Sports,Outdoor,207.76,489.32
1024,Product_1024,Fashion,Kids,129.77,317.43
1025,Product_1025,Sports,Clothing,188.84,305.9
1026,Product_1026,Sports,Fitness,279.77,481.19
1027,Product_1027,Home,Furniture,140.53,224.31
1028,Product_1028,Electronics,Unknown,164.16,326.48
1029,Product_1029,Fashion,Women,185.83,328.57
1030,Product_1030,Electronics,Laptops,238.3,293.39
1031,Product_1031,Fashion,Women,143.67,253.32
1032,Product_1032,Fashion,Kids,48.88,74.53
1033,Product_1033,Sports,Outdoor,80.26,121.39
1034,Product_1034,Sports,Fitness,172.77,369.89
1035,Product_1035,Fashion,Women,260.55,599.91
1036,Product_1036,Home,Furniture,64.26,143.87
1037,Product_1037,Fashion,Men,288.74,353.64
1038,Product_1038,Electronics,Phones,234.52,372.27
1039,Product_1039,Home,Kitchen,138.71,202.0
1040,Product_1040,Home,Unknown,68.47,138.29
1041,Product_1041,Electronics,Accessories,189.87,270.39
1042,Product_1042,Fashion,Kids,53.1,128.86
1043,Product_1043,Sports,Clothing,86.58,181.82
1044,Product_1044,Home,Decor,46.38,59.44
1045,Product_1045,Fashion,Women,197.76,244.02
1046,Product_1046,Fashion,Kids,183.94,380.14
1047,Product_1047,Home,Unknown,60.18,107.53
1048,Product_1048,Home,Decor,71.97,150.74
1049,Product_1049,Home,Decor,41.42,83.03
1050,Product_1050,Home,Decor,190.96,323.07
1051,Product_1051,Fashion,Men,167.45,230.03
1052,Product_1052,Sports,Outdoor,229.64,523.12
1053,Product_1053,Electronics,Phones,102.86,240.23
1054,Product_1054,Sports,Clothing,127.67,174.49
1055,Product_1055,Electronics,Accessories,238.38,591.78
1056,Product_1056,Fashion,Women,106.14,155.0
1057,Product_1057,Electronics,Phones,274.84,675.78
1058,Product_1058,Electronics,Unknown,182.56,303.4
1059,Product_1059,Sports,Fitness,69.65,169.72
1060,Product_1060,Electronics,Phones,153.51,194.34
1061,Product_1061,Sports,Clothing,6.25,8.07
1062,Product_1062,Fashion,Kids,162.3,203.53
1063,Product_1063,Home,Decor,188.84,466.03
1064,Product_1064,Sports,Fitness,243.94,447.49
1065,Product_1065,Sports,Outdoor,282.65,357.4
1066,Product_1066,Sports,Outdoor,46.7,102.19
1067,Product_1067,Electronics,Laptops,79.67,104.69
1068,Product_1068,Electronics,Accessories,83.9,171.84
1069,Product_1069,Sports,Fitness,161.22,325.01
1070,Product_1070,Fashion,Men,257.2,493.32
1071,Product_1071,Sports,Fitness,208.29,409.78
1072,Product_1072,Home,Kitchen,106.89,239.79
1073,Product_1073,Fashion,Kids,215.05,429.97
1074,Product_1074,Electronics,Laptops,87.42,157.21
1075,Product_1075,Electronics,Accessories,91.89,137.73
1076,Product_1076,Sports,Outdoor,23.36,28.28
1077,Product_1077,Home,Decor,218.3,416.26
1078,Product_1078,Home,Furniture,69.77,97.86
1079,Product_1079,Sports,Unknown,168.04,396.02
1080,Product_1080,Fashion,Men,297.51,411.91
1081,Product_1081,Home,Decor,49.85,69.37
1082,Product_1082,Home,Kitchen,10.73,23.4
1083,Product_1083,Home,Furniture,255.17,344.3
1084,Product_1084,Electronics,Laptops,87.11,150.6
1085,Product_1085,Fashion,Kids,143.66,181.9
1086,Product_1086,Electronics,Accessories,18.73,44.81
1087,Product_1087,Fashion,Men,95.74,444.0
1088,Product_1088,Sports,Clothing,146.2,222.16
1089,Product_1089,Home,Kitchen,144.05,292.08
1090,Product_1090,Home,Kitchen,280.36,355.36
1091,Product_1091,Fashion,Men,273.92,351.47
1092,Product_1092,Sports,Clothing,179.42,256.88
1093,Product_1093,Sports,Outdoor,78.54,109.72
1094,Product_1094,Electronics,Phones,151.86,260.79
1095,Product_1095,Home,Decor,124.78,202.33
1096,Product_1096,Home,Decor,118.85,235.15
1097,Product_1097,Electronics,Laptops,298.49,657.09
1098,Product_1098,Fashion,Women,72.52,135.94
1099,Product_1099,Home,Decor,119.52,280.36
1100,Product_1100,Electronics,Phones,236.37,537.4
1101,Product_1101,Electronics,Accessories,262.6,318.2
1102,Product_1102,Fashion,Men,19.33,32.48
1103,Product_1103,Fashion,Men,139.39,221.85
1104,Product_1104,Electronics,Accessories,143.02,357.02
1105,Product_1105,Sports,Fitness,82.45,686.0
1106,Product_1106,Fashion,Unknown,235.1,426.55
1107,Product_1107,Fashion,Women,225.04,420.42
1108,Product_1108,Fashion,Kids,202.9,444.51
1109,Product_1109,Electronics,Accessories,103.86,144.73
1110,Product_1110,Sports,Fitness,110.02,175.66
1111,Product_1111,Electronics,Laptops,191.15,325.32
1112,Product_1112,Fashion,Men,174.38,291.07
1113,Product_1113,Home,Kitchen,191.2,357.34
1114,Product_1114,Home,Kitchen,178.08,410.68
1115,Product_1115,Sports,Outdoor,174.39,323.82
1116,Product_1116,Fashion,Women,98.04,153.48
1117,Product_1117,Home,Decor,72.63,142.57
1118,Product_1118,Fashion,Men,194.04,431.21
1119,Product_1119,Home,Furniture,91.01,120.36
1120,Product_1120,Home,Furniture,131.42,219.27
1121,Product_1121,Fashion,Women,29.63,45.39
1122,Product_1122,Fashion,Kids,29.45,66.23
1123,Product_1123,Fashion,Kids,81.39,178.98
1124,Product_1124,Sports,Clothing,280.09,482.47
1125,Product_1125,Electronics,Accessories,235.96,362.74
1126,Product_1126,Fashion,Kids,192.57,267.56
1127,Product_1127,Sports,Fitness,124.08,243.36
1128,Product_1128,Fashion,Women,38.99,59.94
1129,Product_1129,Sports,Clothing,125.24,243.15
1130,Product_1130,Electronics,Laptops,97.4,117.87
1131,Product_1131,Home,Decor,259.57,469.89
1132,Product_1132,Home,Kitchen,278.75,576.07
1133,Product_1133,Electronics,Accessories,241.35,527.59
1134,Product_1134,Sports,Outdoor,21.66,31.76
1135,Product_1135,Sports,Fitness,277.46,424.77
1136,Product_1136,Sports,Fitness,142.44,180.76
1137,Product_1137,Electronics,Accessories,192.6,387.55
1138,Product_1138,Sports,Outdoor,191.54,315.79
1139,Product_1139,Sports,Clothing,135.94,253.05
1140,Product_1140,Home,Furniture,155.22,278.53
1141,Product_1141,Electronics,Accessories,146.51,329.28
1142,Product_1142,Sports,Fitness,79.87,601.0
1143,Product_1143,Fashion,Men,62.54,467.0
1144,Product_1144,Electronics,Accessories,210.05,457.46
1145,Product_1145,Home,Decor,204.69,323.4
1146,Product_1146,Home,Furniture,96.78,116.7
1147,Product_1147,Electronics,Laptops,60.99,88.7
1148,Product_1148,Sports,Fitness,265.56,518.25
1149,Product_1149,Home,Decor,194.5,397.57
1150,Product_1150,Sports,Outdoor,279.55,591.14
1151,Product_1151,Home,Kitchen,7.59,12.2
1152,Product_1152,Sports,Unknown,29.07,56.67
1153,Product_1153,Electronics,Laptops,122.0,204.65
1154,Product_1154,Electronics,Laptops,178.21,240.06
1155,Product_1155,Sports,Clothing,251.93,394.96
1156,Product_1156,Fashion,Women,118.15,226.34
1157,Product_1157,Home,Decor,53.23,96.03
1158,Product_1158,Home,Decor,259.95,421.7
1159,Product_1159,Sports,Clothing,97.48,128.69
1160,Product_1160,Sports,Unknown,277.32,612.78
1161,Product_1161,Fashion,Kids,92.38,165.71
1162,Product_1162,Electronics,Phones,277.09,685.72
1163,Product_1163,Electronics,Phones,209.82,443.57
1164,Product_1164,Fashion,Kids,241.33,419.17
1165,Product_1165,Sports,Clothing,124.8,155.59
1166,Product_1166,Electronics,Phones,49.46,61.6
1167,Product_1167,Sports,Outdoor,161.31,201.51
1168,Product_1168,Home,Decor,151.02,363.63
1169,Product_1169,Sports,Fitness,28.3,61.81
1170,Product_1170,Sports,Fitness,108.32,211.08
1171,Product_1171,Home,Furniture,256.79,353.62
1172,Product_1172,Electronics,Phones,123.22,219.17
1173,Product_1173,Fashion,Men,82.82,148.07
1174,Product_1174,Fashion,Women,148.77,327.61
1175,Product_1175,Fashion,Men,229.16,462.79
1176,Product_1176,Electronics,Phones,60.21,74.58
1177,Product_1177,Sports,Clothing,17.69,40.46
1178,Product_1178,Fashion,Men,55.61,137.95
1179,Product_1179,Sports,Fitness,178.01,289.42
1180,Product_1180,Sports,Fitness,94.82,157.66
1181,Product_1181,Sports,Outdoor,10.95,17.48
1182,Product_1182,Fashion,Women,44.48,87.0
1183,Product_1183,Home,Decor,204.05,250.11
1184,Product_1184,Fashion,Men,263.85,445.44
1185,Product_1185,Home,Furniture,216.18,377.58
1186,Product_1186,Sports,Outdoor,241.51,440.01
1187,Product_1187,Electronics,Phones,291.08,451.02
1188,Product_1188,Fashion,Women,25.96,33.54
1189,Product_1189,Electronics,Phones,199.56,474.86
1190,Product_1190,Sports,Outdoor,277.2,651.29
1191,Product_1191,Fashion,Men,267.95,427.77
1192,Product_1192,Electronics,Accessories,297.23,651.51
1193,Product_1193,Electronics,Accessories,45.55,56.64
1194,Product_1194,Sports,Outdoor,125.6,160.61
1195,Product_1195,Fashion,Kids,217.17,320.02
1196,Product_1196,Fashion,Kids,190.47,410.15
1197,Product_1197,Fashion,Kids,247.87,618.6
1198,Product_1198,Sports,Outdoor,242.82,605.68
1199,Product_1199,Electronics,Phones,46.84,71.98
1200,Product_1200,Electronics,Phones,263.72,376.71
